"","tag_type","tag_id","time_utc","rssi","lat","lon","heading","antenna_angle"
"2","radio434mhz","072A6633",2023-08-03 19:42:45,-25,38.935561,-74.948195,23.548,0
"5","radio434mhz","072A6633",2023-08-03 19:42:56,-25,38.935571,-74.94821,20.136,0
"8","radio434mhz","072A6633",2023-08-03 19:43:06,-25,38.935598,-74.94823,24.316,0
"11","radio434mhz","072A6633",2023-08-03 19:43:17,-26,38.93565,-74.948249,31.574,0
"14","radio434mhz","072A6633",2023-08-03 19:43:28,-25,38.935711,-74.948256,40.645,0
"17","radio434mhz","072A6633",2023-08-03 19:43:38,-25,38.935755,-74.948258,36.012,0
"21","radio434mhz","072A6633",2023-08-03 19:43:49,-25,38.93582,-74.948262,33.996,0
"24","radio434mhz","072A6633",2023-08-03 19:44:00,-25,38.935866,-74.948256,32.597,0
"27","radio434mhz","072A6633",2023-08-03 19:44:10,-25,38.935923,-74.948247,27.351,0
"30","radio434mhz","072A6633",2023-08-03 19:44:21,-25,38.935987,-74.948257,22.721,0
"33","radio434mhz","072A6633",2023-08-03 19:44:32,-25,38.936078,-74.948266,30.727,0
"36","radio434mhz","072A6633",2023-08-03 19:44:42,-26,38.936151,-74.948267,28.071,0
"39","radio434mhz","072A6633",2023-08-03 19:44:53,-25,38.936227,-74.948288,27.366,0
"42","radio434mhz","072A6633",2023-08-03 19:45:04,-25,38.936303,-74.948297,43.625,0
"45","radio434mhz","072A6633",2023-08-03 19:45:15,-26,38.936369,-74.948293,49.306,0
"48","radio434mhz","072A6633",2023-08-03 19:45:25,-26,38.936418,-74.948245,75.441,0
"51","radio434mhz","072A6633",2023-08-03 19:45:36,-25,38.936427,-74.948151,61.996,0
"54","radio434mhz","072A6633",2023-08-03 19:45:47,-25,38.93644,-74.948064,58.966,0
"57","radio434mhz","072A6633",2023-08-03 19:45:57,-25,38.936473,-74.947995,64.841,0
"60","radio434mhz","072A6633",2023-08-03 19:46:08,-25,38.936492,-74.947897,52.826,0
"63","radio434mhz","072A6633",2023-08-03 19:46:19,-25,38.936529,-74.947823,47.791,0
"67","radio434mhz","072A6633",2023-08-03 19:46:30,-26,38.936577,-74.947783,36.855,0
"70","radio434mhz","072A6633",2023-08-03 19:46:40,-26,38.936628,-74.94776,45.379,0
"73","radio434mhz","072A6633",2023-08-03 19:46:51,-25,38.936695,-74.947725,38.139,0
"77","radio434mhz","072A6633",2023-08-03 19:47:02,-26,38.936763,-74.94771,38.126,0
"80","radio434mhz","072A6633",2023-08-03 19:47:12,-26,38.936813,-74.947697,40.098,0
"83","radio434mhz","072A6633",2023-08-03 19:47:23,-25,38.93687,-74.94768,39.79,0
"86","radio434mhz","072A6633",2023-08-03 19:47:34,-25,38.93694,-74.947654,35.856,0
"88","radio434mhz","072A6633",2023-08-03 19:47:45,-25,38.936999,-74.947642,37.934,0
"91","radio434mhz","072A6633",2023-08-03 19:47:55,-25,38.937029,-74.947637,40.868,0
"96","radio434mhz","072A6633",2023-08-03 19:50:36,-25,38.93557,-74.948192,21.99,0
"99","radio434mhz","072A6633",2023-08-03 19:50:47,-26,38.935575,-74.948194,69.648,0
"102","radio434mhz","072A6633",2023-08-03 19:50:58,-26,38.935618,-74.948229,53.349,0
"105","radio434mhz","072A6633",2023-08-03 19:51:08,-25,38.93569,-74.948252,74.626,0
"108","radio434mhz","072A6633",2023-08-03 19:51:19,-25,38.935774,-74.94825,75.683,0
"111","radio434mhz","072A6633",2023-08-03 19:51:30,-25,38.935861,-74.948252,67.026,0
"114","radio434mhz","072A6633",2023-08-03 19:51:41,-25,38.935935,-74.948247,75.964,0
"117","radio434mhz","072A6633",2023-08-03 19:51:51,-25,38.936005,-74.948257,67.465,0
"120","radio434mhz","072A6633",2023-08-03 19:52:02,-25,38.936085,-74.948261,55.669,0
"123","radio434mhz","072A6633",2023-08-03 19:52:13,-25,38.936169,-74.948274,82.671,0
"126","radio434mhz","072A6633",2023-08-03 19:52:24,-26,38.936239,-74.948291,70.146,0
"129","radio434mhz","072A6633",2023-08-03 19:52:34,-25,38.936312,-74.948288,86.241,0
"132","radio434mhz","072A6633",2023-08-03 19:52:45,-25,38.936347,-74.948196,82.104,0
"135","radio434mhz","072A6633",2023-08-03 19:52:56,-25,38.936401,-74.948123,95.176,0
"138","radio434mhz","072A6633",2023-08-03 19:53:07,-25,38.936451,-74.948039,97.836,0
"141","radio434mhz","072A6633",2023-08-03 19:53:17,-26,38.936486,-74.947964,91.875,0
"145","radio434mhz","072A6633",2023-08-03 19:53:28,-25,38.936521,-74.947883,91.139,0
"148","radio434mhz","072A6633",2023-08-03 19:53:39,-25,38.93656,-74.947809,83.798,0
"151","radio434mhz","072A6633",2023-08-03 19:53:50,-25,38.936625,-74.947761,78.874,0
"154","radio434mhz","072A6633",2023-08-03 19:54:00,-26,38.936694,-74.947737,74.969,0
"157","radio434mhz","072A6633",2023-08-03 19:54:11,-25,38.936771,-74.94771,65.092,0
"161","radio434mhz","072A6633",2023-08-03 19:54:22,-25,38.936837,-74.947687,67.408,0
"164","radio434mhz","072A6633",2023-08-03 19:54:32,-26,38.936889,-74.947669,71.467,0
"167","radio434mhz","072A6633",2023-08-03 19:54:43,-25,38.936953,-74.947657,79.694,0
"170","radio434mhz","072A6633",2023-08-03 19:54:54,-25,38.93702,-74.947643,69.053,0
"173","radio434mhz","072A6633",2023-08-03 19:55:05,-25,38.937088,-74.947628,79.135,0
"176","radio434mhz","072A6633",2023-08-03 19:55:15,-26,38.937151,-74.947605,82.13,0
"179","radio434mhz","072A6633",2023-08-03 19:55:26,-25,38.937182,-74.947519,86.379,0
"182","radio434mhz","072A6633",2023-08-03 19:55:37,-25,38.93716,-74.947427,122.618,0
"185","radio434mhz","072A6633",2023-08-03 19:55:48,-25,38.937153,-74.94733,100.167,0
"188","radio434mhz","072A6633",2023-08-03 19:55:58,-25,38.937173,-74.947248,86.307,0
"191","radio434mhz","072A6633",2023-08-03 19:56:09,-26,38.93722,-74.947182,96.572,0
"194","radio434mhz","072A6633",2023-08-03 19:56:20,-26,38.937276,-74.947154,60.998,0
"197","radio434mhz","072A6633",2023-08-03 19:56:30,-26,38.937342,-74.947151,74.51,0
"200","radio434mhz","072A6633",2023-08-03 19:56:41,-26,38.937404,-74.947097,71.268,0
"203","radio434mhz","072A6633",2023-08-03 19:56:52,-25,38.937471,-74.947087,48.952,0
"207","radio434mhz","072A6633",2023-08-03 19:57:03,-26,38.937506,-74.947153,52.74,0
"210","radio434mhz","072A6633",2023-08-03 19:57:13,-25,38.937546,-74.947232,68.436,0
"213","radio434mhz","072A6633",2023-08-03 19:57:24,-26,38.937591,-74.947303,69.439,0
"216","radio434mhz","072A6633",2023-08-03 19:57:35,-26,38.937638,-74.947376,72.321,0
"219","radio434mhz","072A6633",2023-08-03 19:57:45,-25,38.93766,-74.947447,66.003,0
"222","radio434mhz","072A6633",2023-08-03 19:57:56,-25,38.93772,-74.947485,104.374,0
"225","radio434mhz","072A6633",2023-08-03 19:58:07,-25,38.937784,-74.947505,91.317,0
"228","radio434mhz","072A6633",2023-08-03 19:58:18,-25,38.937855,-74.947528,105.452,0
"231","radio434mhz","072A6633",2023-08-03 19:58:28,-25,38.937925,-74.947536,131.263,0
"234","radio434mhz","072A6633",2023-08-03 19:58:39,-25,38.938002,-74.947526,119.781,0
"238","radio434mhz","072A6633",2023-08-03 19:58:50,-25,38.938086,-74.947516,138.614,0
"241","radio434mhz","072A6633",2023-08-03 19:59:00,-25,38.938139,-74.947461,14.16,0
"244","radio434mhz","072A6633",2023-08-03 19:59:11,-26,38.938093,-74.947357,10.43,0
"247","radio434mhz","072A6633",2023-08-03 19:59:22,-25,38.938034,-74.947296,36.474,0
"250","radio434mhz","072A6633",2023-08-03 19:59:33,-25,38.938021,-74.947236,100.049,0
"253","radio434mhz","072A6633",2023-08-03 19:59:43,-26,38.938042,-74.94716,96.764,0
"256","radio434mhz","072A6633",2023-08-03 19:59:54,-26,38.938067,-74.947088,82.49,0
"259","radio434mhz","072A6633",2023-08-03 20:00:05,-25,38.938096,-74.94703,105.078,0
"262","radio434mhz","072A6633",2023-08-03 20:00:15,-26,38.938131,-74.947,59.228,0
"265","radio434mhz","072A6633",2023-08-03 20:00:26,-25,38.938157,-74.946929,83.051,0
"269","radio434mhz","072A6633",2023-08-03 20:00:37,-25,38.93814,-74.94684,101.278,0
"272","radio434mhz","072A6633",2023-08-03 20:00:48,-25,38.938154,-74.946757,60.537,0
"275","radio434mhz","072A6633",2023-08-03 20:00:58,-25,38.938135,-74.946687,92.629,0
"278","radio434mhz","072A6633",2023-08-03 20:01:09,-26,38.938115,-74.946612,57.537,0
"281","radio434mhz","072A6633",2023-08-03 20:01:20,-25,38.93812,-74.946547,70.892,0
"284","radio434mhz","072A6633",2023-08-03 20:01:30,-25,38.938088,-74.946473,315.952,0
"287","radio434mhz","072A6633",2023-08-03 20:01:41,-25,38.938002,-74.946435,341.084,0
"290","radio434mhz","072A6633",2023-08-03 20:01:52,-26,38.93793,-74.946402,19.298,0
"293","radio434mhz","072A6633",2023-08-03 20:02:03,-25,38.937851,-74.946394,134.255,0
"296","radio434mhz","072A6633",2023-08-03 20:02:13,-25,38.937789,-74.94637,172.761,0
"299","radio434mhz","072A6633",2023-08-03 20:02:24,-25,38.937727,-74.946403,13.562,0
"302","radio434mhz","072A6633",2023-08-03 20:02:35,-26,38.937664,-74.946415,118.958,0
"305","radio434mhz","072A6633",2023-08-03 20:02:45,-26,38.937606,-74.946347,121.556,0
"308","radio434mhz","072A6633",2023-08-03 20:02:56,-26,38.93756,-74.946298,148.771,0
"311","radio434mhz","072A6633",2023-08-03 20:03:07,-25,38.93751,-74.946259,122.287,0
"314","radio434mhz","072A6633",2023-08-03 20:03:17,-25,38.937463,-74.946212,45.722,0
"317","radio434mhz","072A6633",2023-08-03 20:03:28,-25,38.937409,-74.946145,108.867,0
"321","radio434mhz","072A6633",2023-08-03 20:03:39,-25,38.937393,-74.946073,98.928,0
"324","radio434mhz","072A6633",2023-08-03 20:03:50,-25,38.937339,-74.946069,22.937,0
"327","radio434mhz","072A6633",2023-08-03 20:04:00,-25,38.937258,-74.946085,27.429,0
"330","radio434mhz","072A6633",2023-08-03 20:04:11,-26,38.937194,-74.946094,8.676,0
"333","radio434mhz","072A6633",2023-08-03 20:04:22,-25,38.937129,-74.946141,45.591,0
"337","radio434mhz","072A6633",2023-08-03 20:04:32,-25,38.937072,-74.946129,34.623,0
"340","radio434mhz","072A6633",2023-08-03 20:04:43,-26,38.937045,-74.946132,11.381,0
"343","radio434mhz","072A6633",2023-08-03 20:04:54,-25,38.937047,-74.946126,120.065,0
"346","radio434mhz","072A6633",2023-08-03 20:05:04,-25,38.93707,-74.946139,46.07,0
"349","radio434mhz","072A6633",2023-08-03 20:05:15,-25,38.937076,-74.946141,83.665,0
"352","radio434mhz","072A6633",2023-08-03 20:05:26,-25,38.937076,-74.946141,84.902,0
"355","radio434mhz","072A6633",2023-08-03 20:05:36,-26,38.937076,-74.946141,87.981,0
"358","radio434mhz","072A6633",2023-08-03 20:05:47,-25,38.937087,-74.946148,55.326,0
"361","radio434mhz","072A6633",2023-08-03 20:05:58,-25,38.937142,-74.946143,44.743,0
"364","radio434mhz","072A6633",2023-08-03 20:06:09,-25,38.937198,-74.946109,54.867,0
"367","radio434mhz","072A6633",2023-08-03 20:06:19,-25,38.937246,-74.946097,57.527,0
"370","radio434mhz","072A6633",2023-08-03 20:06:30,-26,38.93731,-74.946086,69.158,0
"373","radio434mhz","072A6633",2023-08-03 20:06:41,-25,38.937372,-74.946069,75.435,0
"376","radio434mhz","072A6633",2023-08-03 20:06:51,-25,38.937417,-74.946005,63.257,0
"379","radio434mhz","072A6633",2023-08-03 20:07:02,-25,38.937459,-74.945972,49.758,0
"382","radio434mhz","072A6633",2023-08-03 20:07:13,-26,38.937531,-74.94594,61.553,0
"385","radio434mhz","072A6633",2023-08-03 20:07:24,-25,38.937591,-74.94592,67.988,0
"387","radio434mhz","072A6633",2023-08-03 20:07:34,-26,38.937641,-74.945866,78.23,0
"390","radio434mhz","072A6633",2023-08-03 20:07:45,-25,38.93765,-74.945778,20.929,0
"393","radio434mhz","072A6633",2023-08-03 20:07:56,-25,38.937597,-74.9457,107.202,0
"396","radio434mhz","072A6633",2023-08-03 20:08:06,-25,38.937559,-74.945637,27.794,0
"399","radio434mhz","072A6633",2023-08-03 20:08:17,-26,38.937532,-74.945601,78.877,0
"405","radio434mhz","072A6633",2023-08-03 20:08:38,-26,38.937441,-74.945471,78.643,0
"408","radio434mhz","072A6633",2023-08-03 20:08:49,-25,38.937403,-74.945425,168.124,0
"412","radio434mhz","072A6633",2023-08-03 20:09:00,-26,38.937394,-74.94539,95.015,0
"415","radio434mhz","072A6633",2023-08-03 20:09:11,-26,38.937392,-74.945349,58.765,0
"418","radio434mhz","072A6633",2023-08-03 20:09:21,-26,38.937384,-74.945291,147.84,0
"421","radio434mhz","072A6633",2023-08-03 20:09:32,-25,38.937333,-74.945256,56.3,0
"424","radio434mhz","072A6633",2023-08-03 20:09:43,-26,38.937379,-74.945213,57.503,0
"427","radio434mhz","072A6633",2023-08-03 20:09:53,-25,38.937372,-74.945179,36.057,0
"430","radio434mhz","072A6633",2023-08-03 20:10:04,-25,38.937335,-74.945252,12.837,0
"433","radio434mhz","072A6633",2023-08-03 20:10:15,-26,38.937388,-74.945317,43.618,0
"436","radio434mhz","072A6633",2023-08-03 20:10:25,-25,38.937402,-74.945355,341.441,0
"439","radio434mhz","072A6633",2023-08-03 20:10:36,-25,38.93739,-74.945424,10.854,0
"442","radio434mhz","072A6633",2023-08-03 20:10:47,-25,38.937435,-74.945472,9.393,0
"445","radio434mhz","072A6633",2023-08-03 20:10:57,-25,38.937471,-74.945541,12.979,0
"448","radio434mhz","072A6633",2023-08-03 20:11:08,-25,38.937513,-74.945607,31.243,0
"451","radio434mhz","072A6633",2023-08-03 20:11:19,-25,38.937571,-74.945663,20.549,0
"454","radio434mhz","072A6633",2023-08-03 20:11:30,-26,38.937595,-74.94574,22.564,0
"457","radio434mhz","072A6633",2023-08-03 20:11:40,-25,38.937657,-74.945791,47.532,0
"460","radio434mhz","072A6633",2023-08-03 20:11:51,-25,38.93773,-74.945753,66.419,0
"463","radio434mhz","072A6633",2023-08-03 20:12:02,-25,38.937807,-74.945722,65.985,0
"466","radio434mhz","072A6633",2023-08-03 20:12:12,-25,38.937869,-74.945703,55.911,0
"469","radio434mhz","072A6633",2023-08-03 20:12:23,-25,38.937948,-74.945729,66.552,0
"472","radio434mhz","072A6633",2023-08-03 20:12:34,-25,38.938027,-74.945753,56.847,0
"476","radio434mhz","072A6633",2023-08-03 20:12:44,-25,38.938084,-74.945693,82.801,0
"479","radio434mhz","072A6633",2023-08-03 20:12:55,-26,38.938139,-74.945609,88.157,0
"482","radio434mhz","072A6633",2023-08-03 20:13:06,-25,38.938199,-74.945544,78.157,0
"485","radio434mhz","072A6633",2023-08-03 20:13:16,-25,38.938261,-74.945479,100.911,0
"488","radio434mhz","072A6633",2023-08-03 20:13:27,-25,38.938249,-74.945359,64.903,0
"491","radio434mhz","072A6633",2023-08-03 20:13:38,-26,38.938243,-74.94524,97.215,0
"494","radio434mhz","072A6633",2023-08-03 20:13:48,-25,38.938233,-74.945121,53.201,0
"497","radio434mhz","072A6633",2023-08-03 20:13:59,-25,38.938147,-74.945066,42.544,0
"500","radio434mhz","072A6633",2023-08-03 20:14:10,-25,38.938047,-74.945046,44.185,0
"503","radio434mhz","072A6633",2023-08-03 20:14:21,-25,38.937966,-74.945039,299.811,0
"507","radio434mhz","072A6633",2023-08-03 20:14:31,-25,38.937865,-74.94503,327.047,0
"509","radio434mhz","072A6633",2023-08-03 20:15:46,-26,38.938273,-74.945298,27.367,0
"512","radio434mhz","072A6633",2023-08-03 20:15:57,-25,38.938257,-74.945429,12.004,0
"515","radio434mhz","072A6633",2023-08-03 20:16:08,-25,38.938292,-74.945549,36.63,0
"518","radio434mhz","072A6633",2023-08-03 20:16:18,-25,38.938292,-74.945665,43.219,0
"521","radio434mhz","072A6633",2023-08-03 20:16:29,-25,38.93831,-74.945786,22.581,0
"524","radio434mhz","072A6633",2023-08-03 20:16:40,-25,38.938322,-74.945925,59.217,0
"527","radio434mhz","072A6633",2023-08-03 20:16:50,-25,38.938341,-74.946044,19.228,0
"531","radio434mhz","072A6633",2023-08-03 20:17:01,-25,38.93837,-74.946175,14.933,0
"534","radio434mhz","072A6633",2023-08-03 20:17:12,-25,38.938406,-74.9463,19.213,0
"537","radio434mhz","072A6633",2023-08-03 20:17:23,-25,38.938429,-74.946393,354.233,0
"540","radio434mhz","072A6633",2023-08-03 20:17:33,-25,38.938467,-74.946516,18.028,0
"543","radio434mhz","072A6633",2023-08-03 20:17:44,-26,38.938487,-74.946652,1.691,0
"546","radio434mhz","072A6633",2023-08-03 20:17:55,-25,38.938474,-74.946778,29.384,0
"549","radio434mhz","072A6633",2023-08-03 20:18:06,-25,38.938452,-74.946895,4.826,0
"552","radio434mhz","072A6633",2023-08-03 20:18:16,-25,38.93842,-74.947014,15.036,0
"555","radio434mhz","072A6633",2023-08-03 20:18:27,-26,38.938401,-74.947143,11.148,0
"558","radio434mhz","072A6633",2023-08-03 20:18:38,-25,38.938345,-74.947244,50.316,0
"561","radio434mhz","072A6633",2023-08-03 20:18:48,-25,38.938271,-74.947319,5.574,0
"564","radio434mhz","072A6633",2023-08-03 20:18:59,-25,38.938202,-74.947402,6.718,0
"567","radio434mhz","072A6633",2023-08-03 20:19:10,-25,38.938126,-74.947486,22.758,0
"570","radio434mhz","072A6633",2023-08-03 20:19:21,-25,38.938029,-74.947522,76.978,0
"573","radio434mhz","072A6633",2023-08-03 20:19:31,-25,38.937932,-74.947528,60.83,0
"577","radio434mhz","072A6633",2023-08-03 20:19:42,-25,38.937825,-74.947509,74.452,0
"580","radio434mhz","072A6633",2023-08-03 20:19:53,-26,38.937729,-74.947475,71.654,0
"583","radio434mhz","072A6633",2023-08-03 20:20:04,-25,38.937645,-74.94746,39.228,0
"586","radio434mhz","072A6633",2023-08-03 20:20:14,-25,38.937579,-74.947523,10.72,0
"591","radio434mhz","072A6633",2023-08-03 20:20:36,-25,38.937515,-74.947692,11.805,0
"594","radio434mhz","072A6633",2023-08-03 20:20:47,-25,38.937454,-74.947727,37.098,0
"598","radio434mhz","072A6633",2023-08-03 20:20:57,-26,38.937377,-74.947725,59.788,0
"601","radio434mhz","072A6633",2023-08-03 20:21:08,-25,38.937303,-74.947677,65.094,0
"604","radio434mhz","072A6633",2023-08-03 20:21:19,-25,38.937266,-74.94761,64.474,0
"607","radio434mhz","072A6633",2023-08-03 20:21:30,-25,38.937249,-74.947519,59.614,0
"610","radio434mhz","072A6633",2023-08-03 20:21:40,-25,38.937235,-74.947442,61.34,0
"613","radio434mhz","072A6633",2023-08-03 20:21:51,-25,38.937235,-74.947363,52.839,0
"616","radio434mhz","072A6633",2023-08-03 20:22:02,-25,38.937231,-74.94728,48.039,0
"619","radio434mhz","072A6633",2023-08-03 20:22:13,-26,38.937257,-74.947203,32.297,0
"622","radio434mhz","072A6633",2023-08-03 20:22:23,-25,38.937303,-74.947142,13.856,0
"625","radio434mhz","072A6633",2023-08-03 20:22:34,-25,38.937376,-74.947146,24.42,0
"628","radio434mhz","072A6633",2023-08-03 20:22:45,-26,38.937441,-74.947151,16.756,0
"631","radio434mhz","072A6633",2023-08-03 20:22:56,-25,38.937488,-74.947224,2.02,0
"634","radio434mhz","072A6633",2023-08-03 20:23:07,-26,38.937529,-74.947294,1.611,0
"637","radio434mhz","072A6633",2023-08-03 20:23:17,-25,38.937571,-74.947356,6.971,0
"640","radio434mhz","072A6633",2023-08-03 20:23:28,-26,38.937603,-74.947433,1.391,0
"643","radio434mhz","072A6633",2023-08-03 20:23:39,-25,38.937672,-74.94744,3.429,0
"646","radio434mhz","072A6633",2023-08-03 20:23:50,-25,38.937739,-74.947501,19.665,0
"649","radio434mhz","072A6633",2023-08-03 20:24:01,-25,38.937828,-74.947514,6.948,0
"652","radio434mhz","072A6633",2023-08-03 20:24:11,-25,38.937909,-74.947533,12.218,0
"655","radio434mhz","072A6633",2023-08-03 20:24:22,-25,38.937989,-74.947519,13.821,0
"659","radio434mhz","072A6633",2023-08-03 20:24:33,-25,38.938081,-74.947512,26.026,0
"663","radio434mhz","072A6633",2023-08-03 20:24:44,-25,38.938152,-74.947463,36.585,0
"666","radio434mhz","072A6633",2023-08-03 20:24:55,-25,38.938219,-74.947382,35.051,0
"669","radio434mhz","072A6633",2023-08-03 20:25:05,-26,38.938281,-74.947302,43.663,0
"672","radio434mhz","072A6633",2023-08-03 20:25:16,-25,38.938349,-74.947227,35.589,0
"675","radio434mhz","072A6633",2023-08-03 20:25:27,-25,38.938399,-74.947134,49.214,0
"678","radio434mhz","072A6633",2023-08-03 20:25:38,-26,38.938408,-74.947017,48.533,0
"681","radio434mhz","072A6633",2023-08-03 20:25:49,-26,38.938438,-74.946918,51.519,0
"684","radio434mhz","072A6633",2023-08-03 20:25:59,-25,38.938467,-74.94682,48.344,0
"687","radio434mhz","072A6633",2023-08-03 20:26:10,-26,38.938503,-74.946694,44.796,0
"690","radio434mhz","072A6633",2023-08-03 20:26:21,-25,38.938484,-74.946566,62.677,0
"693","radio434mhz","072A6633",2023-08-03 20:26:32,-26,38.938452,-74.946443,59.901,0
"696","radio434mhz","072A6633",2023-08-03 20:26:43,-25,38.938411,-74.946319,61.382,0
"699","radio434mhz","072A6633",2023-08-03 20:26:54,-25,38.938373,-74.946207,61.445,0
"702","radio434mhz","072A6633",2023-08-03 20:27:04,-25,38.938344,-74.946074,64.518,0
"705","radio434mhz","072A6633",2023-08-03 20:27:15,-25,38.938332,-74.94594,55.997,0
"708","radio434mhz","072A6633",2023-08-03 20:27:26,-25,38.938324,-74.94581,54.613,0
"711","radio434mhz","072A6633",2023-08-03 20:27:37,-26,38.938306,-74.945679,79.204,0
"714","radio434mhz","072A6633",2023-08-03 20:27:48,-25,38.938292,-74.945572,69.02,0
